Player,Position,team,Birthday,Age,Height,Wingspan,Weight (lbs),Hand Width,Reach,Standing Vert (in),Max Vert (in),Lane (sec),Shuttle (sec),3/4 Sprint (sec),Ovr. Rank,Avg. Rank,ESPN,The Athletic,CBS Sports,Tankathon,The Ringer,No Ceilings,Bleacher Report,GP,GS,mp,MIN_per,pts,oreb,dreb,treb,ast,stl,blk,TOV,pfr,FGM,FGA,FG%,twoPM,twoPA,twoP_per,TPM,TPA,TP_per,FTM,FTA,FT_per,TS_Per,PTS/36,OREB/36,DREB/36,TREB/36,AST/36,STL/36,BLK/36,TOV/36,PF/36,FGA/36,2PA/36,3PA/36,FTA/36,Info,eFG,ast/tov
"Sarr, Alexandre",C,Australia,4/26/2005,19.11,"7'1""","7'4.25""",224,"10""","9'2""",30.5,37,11.43,3.23,3.27,1,1.86,2,1,1,3,1,1,4,24,,17.2,0.4,9.7,1.4,3,4.4,0.9,0.5,1.3,1.1,1.4,3.7,7.1,0.52,3.1,5.2,0.605,0.6,2,0.298,1.7,2.3,0.714,0.654,20.3,2.9,6.3,9.2,1.9,1,2.7,2.3,2.9,7.7,10.9,4.2,4.8,https://www.basketball-reference.com/international/players/alexandre-sarr-1.html,56.338,0.818181818
"Topic, Nikola",PG,Serbia,8/10/2005,18.82,"6'6""","7'0""",200,,,,,,,,2,3.43,9,2,5,1,2,2,3,12,,33.8,0.8,18.4,0.8,2.8,3.6,7.1,1,0.2,3.2,3.8,6.7,12.8,0.523,5.5,8.3,0.667,1.2,4.5,0.259,3.9,4.6,0.855,0.698,19.6,0.9,3,3.8,7.6,1.1,0.2,3.4,4,7.1,8.8,4.8,4.9,https://www.basketball-reference.com/international/players/nikola-topic-1.html,57.031,2.21875
"Sheppard, Reed",PG,Kentucky,6/24/2004,19.95,"6'3""","6'6.23""",182,"9""","7'9.5""",32.5,42,10.96,3.03,3.08,3,4.71,4,4,7,4,7,5,2,33,5,28.9,0.7,12.5,0.4,3.8,4.1,4.5,2.5,0.7,2,1.9,4.3,8,0.536,2,3.6,0.555,2.3,4.4,0.521,1.6,2,0.831,0.747,15.6,0.5,4.7,5.1,5.6,3.1,0.9,2.5,2.4,5.4,4.5,5.5,2.5,https://www.sports-reference.com/cbb/players/reed-sheppard-2.html,68.125,2.25
"Castle, Stephon",SG,UConn,11/1/2004,19.6,"6'6.75""","6'9""",210,"8.75""","8'6""",28.5,37,10.93,2.91,3.19,4,5,6,3,3,7,3,3,10,34,30,27,0.7,11.1,1.7,3,4.7,2.9,0.8,0.5,1.5,2.4,4,8.5,0.472,3.4,6.3,0.544,0.6,2.2,0.267,2.4,3.2,0.755,0.628,14.8,2.3,4,6.3,3.9,1.1,0.7,2,3.2,5.3,8.4,2.9,4.3,https://www.sports-reference.com/cbb/players/stephon-castle-2.html,50.588,1.933333333
"Risacher, Zaccharie",SF,France,4/8/2005,19.16,"6'8""","6'11""",202,,,,,,,,5,5.71,1,8,2,2,12,6,9,32,,22,0.6,10.1,1.2,2.6,3.8,0.9,0.8,0.3,1.3,2.4,3.3,7.5,0.439,2.1,4.1,0.511,1.2,3.4,0.352,2.3,3.1,0.74,0.645,16.5,2,4.3,6.2,1.5,1.3,0.5,2.1,3.9,5.4,6.7,5.6,5.1,https://www.basketball-reference.com/international/players/zaccharie-risacher-1.html,52,0.692307692
"Clingan, Donovan",C,UConn,2/23/2004,20.29,"7'3""","7'6.75""",282,"10.25""","9'7""",25.5,29,12.06,3.38,3.46,6,6.71,3,5,11,5,8,4,11,35,33,22.5,0.6,13,2.5,4.9,7.4,1.5,0.5,2.5,0.8,2,5.3,8.3,0.639,5.3,8.1,0.65,0.1,0.2,0.25,2.3,4,0.583,0.76,20.8,4,7.8,11.8,2.4,0.8,4,1.3,3.2,8.5,13,0.3,6.4,https://www.sports-reference.com/cbb/players/donovan-clingan-1.html,64.458,1.875
"Buzelis, Matas",SF,G-League Ignite,10/13/2004,19.65,"6'10""","6'10""",197,"9.25""","8'9.5""",31,38,10.73,2.9,3.09,7,6.86,5,6,6,8,5,12,6,34,32,31,0.8,14.1,1.6,5,6.6,1.9,0.9,1.9,2.2,2.4,5.4,11.8,0.455,4.5,8.4,0.533,0.9,3.4,0.261,1.4,2,0.696,0.584,16.4,1.8,5.8,7.7,2.3,1.1,2.3,2.5,2.8,6.2,9.7,3.9,2.4,https://basketball.realgm.com/player/Matas-Buzelis/Summary/176589,49.235,0.889908257
"Holland, Ron",SF,G-League Ignite,7/7/2005,18.91,"6'7.25""","6'10.75""",197,"9""","8'8""",30,38,11.1,2.91,3.1,8,7,11,7,4,9,6,11,1,29,28,31.9,0.8,19.5,1.6,5.1,6.7,2.9,2.3,0.9,3.2,3.2,7.1,15.5,0.46,6.4,12.2,0.52,0.8,3.3,0.24,2.9,3.9,0.728,0.615,22,1.7,5.8,7.5,3.3,2.6,1,3.6,3.6,8.1,13.8,3.7,4.4,https://basketball.realgm.com/player/Ron-Holland/Summary/162288,48.55,0.903426791
"Dillingham, Rob",PG,Kentucky,1/4/2005,19.42,"6'2.25""","6'3""",164,"8.25""","7'11""",,,,,,9,7.57,7,10,13,6,4,8,5,32,1,23.3,0.6,15.2,0.3,2.7,2.9,3.9,1,0.1,2,2.6,5.4,11.3,0.475,3.4,6.8,0.495,2,4.5,0.444,2.4,3.1,0.796,0.652,23.5,0.5,4.2,4.5,6,1.5,0.2,3.1,4,8.3,10.5,7,4.8,https://www.sports-reference.com/cbb/players/rob-dillingham-1.html,56.637,1.95
"Knecht, Dalton",SF,Tennessee,4/19/2001,23.13,"6'6.5""","6'9""",212,"9.5""","8'7.5""",31,39,10.56,2.79,3.07,10,10,8,11,8,10,11,9,13,36,36,30.6,0.8,21.7,0.8,4.1,4.9,1.8,0.7,0.6,1.7,1.8,7.3,16,0.458,4.8,9.5,0.499,2.6,6.5,0.397,4.4,5.7,0.772,0.664,25.5,0.9,4.8,5.8,2.1,0.8,0.7,2,2.1,8.6,11.2,7.6,6.7,https://www.sports-reference.com/cbb/players/dalton-knecht-1.html,53.75,1.058823529
"Williams, Cody",SF,Colorado,11/20/2004,19.54,"6'7.75""","7'1""",178,"9""","8'7""",31,35.5,11.17,2.93,3.06,11,11.57,12,9,16,11,10,7,16,24,18,28.4,0.7,11.9,0.7,2.3,3,1.6,0.6,0.7,2,2,4.5,8.1,0.552,3.8,6.4,0.588,0.7,1.7,0.415,2.3,3.2,0.714,0.707,15.1,0.9,2.9,3.8,2,0.8,0.9,2.5,2.5,5.7,8.1,2.2,4.1,https://www.sports-reference.com/cbb/players/cody-williams-2.html,59.877,0.8
"McCain, Jared",SG,Duke,2/20/2004,20.29,"6'3.25""","6'3.5""",203,"9.5""","8'2""",25.5,33,10.87,3.07,3.23,12,11.71,15,12,15,14,9,10,7,36,36,31.6,0.8,14.3,0.8,4.2,5,1.9,1.1,0.1,1.3,1.6,4.9,10.5,0.462,2.4,4.7,0.521,2.4,5.8,0.414,2.1,2.4,0.885,0.657,16.3,0.9,4.8,5.7,2.2,1.3,0.1,1.5,1.8,5.6,5.4,6.6,2.7,https://www.sports-reference.com/cbb/players/jared-mccain-2.html,58.095,1.461538462
"Carter, Devin",SG,Providence,3/18/2002,22.22,"6'3.5""","6'8.75""",193,"9""","8'2""",35,42,10.63,2.9,2.87,13,13.86,13,15,9,16,13,14,17,33,33,35.3,0.9,19.7,1,7.7,8.7,3.6,1.8,1,2.7,1.9,6.6,14,0.473,4.1,7.3,0.563,2.5,6.8,0.377,3.9,5.2,0.749,0.687,20.1,1,7.9,8.9,3.7,1.8,1,2.8,1.9,6.7,7.4,6.9,5.3,https://www.sports-reference.com/cbb/players/devin-carter-3.html,56.071,1.333333333
"Collier, Isaiah",PG,USC,10/8/2004,19.66,"6'3.75""",6'4.75,205,"9""","8'1.5""",30,34,10.77,2.9,3.04,14,14.57,21,14,12,15,16,16,8,27,26,30,0.8,16.3,0.6,2.3,2.9,4.3,1.5,0.2,3.3,2.4,5.7,11.6,0.49,4.7,8.7,0.543,1,3,0.338,3.9,5.8,0.673,0.685,19.6,0.7,2.8,3.5,5.2,1.8,0.2,4,2.9,6.8,10.4,3.6,7,https://www.sports-reference.com/cbb/players/isaiah-collier-2.html,53.448,1.303030303
"Walter, Ja'Kobe",SG,Baylor,9/4/2004,19.76,"6'5.5""","6'10""",198,"9.75""","8'6.5""",30.5,38.5,11,2.92,3.04,15,15.14,14,16,17,13,15,13,18,35,35,32.3,0.8,14.5,1.3,3.1,4.4,1.4,1.1,0.2,1.3,2.1,4.1,10.9,0.376,2,4.7,0.423,2.1,6.3,0.341,4.1,5.2,0.792,0.645,16.2,1.4,3.5,4.9,1.6,1.2,0.2,1.4,2.3,4.6,5.2,7,5.8,https://www.sports-reference.com/cbb/players/jakobe-walter-2.html,47.248,1.076923077
"Salaun, Tidjane",PF,France,8/10/2005,18.82,"6'9""","7'1""",203,,,,,,,,16,16.43,10,18,10,12,14,28,23,33,,22.7,0.6,9,1.4,2.7,4,1,1.2,0.2,1.5,2.5,2.9,7.9,0.373,1.5,3.6,0.425,1.4,4.2,0.329,1.7,2.2,0.767,0.546,14.3,2.2,4.3,6.3,1.6,1.9,0.3,2.4,4,4.6,5.7,6.7,3.5,https://www.basketball-reference.com/international/players/tidjane-salaun-1.html,45.57,0.666666667
"Filipowski, Kyle",PF,Duke,11/7/2003,20.58,"7'0.25""","6'10.5""",230,"9.5""","8'11""",27,32.5,11.43,2.93,3.19,17,18,20,13,14,17,26,15,21,36,36,30.4,0.8,16.4,2.2,6.1,8.3,2.8,1.1,1.5,2.1,3,6.1,12.1,0.505,5,9,0.559,1.1,3.1,0.348,3.1,4.6,0.671,0.662,19.4,2.6,7.2,9.8,3.3,1.3,1.8,2.5,3.6,7.2,10.7,3.7,5.4,https://www.sports-reference.com/cbb/players/kyle-filipowski-1.html,54.959,1.333333333
"da Silva, Tristan",PF,Colorado,5/15/2001,23.06,"6'9.5""",6'10.25,217,"9.5""","8'8.5""",28.5,35.5,10.81,2.82,3.09,18,20.43,17,19,30,19,19,17,22,34,34,33.8,0.8,16,0.9,4.1,5.1,2.4,1.1,0.6,1.8,2,5.8,11.8,0.493,3.9,7,0.559,1.9,4.8,0.395,2.5,3,0.835,0.657,17,1,4.4,5.4,2.6,1.2,0.6,1.9,2.1,6.2,7.5,5.1,3.2,https://www.sports-reference.com/cbb/players/tristan-dasilva-1.html,57.203,1.333333333
"Smith, Tyler",PF,G-League Ignite,11/2/2004,19.59,"6'10.25""","7'1""",224,"9""","8'9""",32,38,10.74,2.99,3.28,19,23.29,27,25,32,20,29,18,12,43,2,22.2,0.6,13.7,1.7,3.4,5.1,1.3,0.8,0.9,1.3,2.6,5,10.3,0.48,3.6,6.6,0.546,1.4,3.7,0.36,1.4,1.9,0.732,0.645,22.3,2.8,5.5,8.3,2.2,1.3,1.5,2,4.3,8,10.7,6.1,3.1,https://basketball.realgm.com/player/Tyler-Smith/Summary/170123,54.453,1.055555556
"Missi, Yves",C,Baylor,5/14/2004,20.06,"7'0""","7'2""",229,"10""","9'1.5""",31,38.5,11.45,3.12,3.12,20,23.29,23,23,22,18,21,30,26,34,32,22.9,0.6,10.7,2.6,3,5.6,0.4,0.6,1.5,1.1,2.4,4.1,6.7,0.614,4.1,6.7,0.614,0,0,0,2.5,4.1,0.616,0.767,16.8,4.1,4.7,8.8,0.6,0.9,2.4,1.7,3.8,6.4,10.5,0,6.4,https://www.sports-reference.com/cbb/players/yves-missi-2.html,61.194,0.363636364
"Furphy, Johnny",SF,Kansas,12/7/2004,19.5,"6'8.75""","6'8""",189,"9.5""","8'8.5""",25.5,32,11.15,3.17,3.2,21,23.43,18,17,21,22,36,22,28,33,19,24.1,0.6,9,1.3,3.6,4.9,1,0.9,0.3,0.8,2.1,2.9,6.2,0.466,1.6,2.5,0.642,1.3,3.8,0.352,1.9,2.5,0.765,0.688,13.4,1.9,5.4,7.3,1.5,1.3,0.4,1.2,3.1,4.3,3.7,5.7,3.7,https://www.sports-reference.com/cbb/players/johnny-furphy-1.html,57.258,1.25
"Edey, Zach",C,Purdue,5/14/2002,22.06,"7'5.25""","7'10.75""",299,"10.75""","9'7""",26,31.5,11.19,3.01,3.42,22,24.14,16,21,27,33,22,19,31,39,39,32,0.8,25.2,4.6,7.5,12.2,2,0.3,2.2,2.3,1.9,8.6,13.8,0.623,8.6,13.8,0.624,0,0.1,0.5,7.9,11.2,0.711,0.893,28.4,5.2,8.4,13.7,2.3,0.3,2.5,2.6,2.1,9.7,15.5,0.1,12.6,https://www.sports-reference.com/cbb/players/zach-edey-1.html,62.319,0.869565217
"Tyson, Jaylon",SF,California,12/2/2002,21.51,"6'6.75""","6'8""",218,"9.5""","8'6.5""",29.5,36.5,11.13,3.06,3.12,23,27,33,31,24,28,30,24,19,31,30,34.3,0.9,19.6,1.6,5.1,6.8,3.5,1.2,0.5,3.1,2.1,7.2,15.4,0.465,5.5,10.9,0.509,1.6,4.5,0.36,3.6,4.6,0.796,0.622,20.6,1.7,5.4,7.1,3.7,1.3,0.5,3.3,2.2,7.6,11.4,4.7,4.8,https://www.sports-reference.com/cbb/players/jaylon-tyson-1.html,51.948,1.129032258
"Ware, Kel'el",C,Indiana,4/20/2004,20.13,"7'1""","7'4.5""",230,"10.25""","9'4.5""",32.5,36,10.97,2.91,3.29,24,27.43,25,35,38,23,20,31,20,30,30,32.2,0.8,15.9,2.1,7.8,9.9,1.5,0.6,1.9,1.6,2,6.3,10.7,0.586,5.7,9.4,0.609,0.6,1.3,0.425,2.8,4.5,0.634,0.724,17.8,2.3,8.7,11.1,1.7,0.7,2.1,1.8,2.2,7,10.5,1.5,5,https://www.sports-reference.com/cbb/players/kelel-ware-1.html,61.682,0.9375
"Kolek, Tyler",PG,Marquette,3/27/2001,23.19,"6'2.5""",6'2.75,197,"9.5""","7'11""",27,34,10.97,3.08,3.27,25,28.57,29,20,33,26,35,27,30,31,31,33,0.8,15.3,0.7,4.2,4.9,7.7,1.6,0.2,2.9,1,5.6,11.3,0.496,4.1,7.4,0.552,1.5,3.9,0.388,2.6,3,0.851,0.655,16.7,0.8,4.6,5.3,8.4,1.7,0.2,3.2,1.1,6.1,8.1,4.3,3.3,https://www.sports-reference.com/cbb/players/tyler-kolek-1.html,56.195,2.655172414
"Carrington, Carlton",PG,Pittsburgh,7/21/2005,18.88,"6'5""","6'8""",195,"9.25""","8'3""",28.5,36.5,11.28,2.99,3.16,26,28.57,22,22,20,35,23,40,38,33,33,33.2,0.8,13.8,0.5,4.7,5.2,4.1,0.6,0.2,1.9,2.4,4.8,11.7,0.412,2.8,5.6,0.511,2,6.1,0.322,2.2,2.8,0.785,0.573,15,0.5,5.1,5.6,4.4,0.7,0.2,2.1,2.6,5.2,6.1,6.6,3,https://www.sports-reference.com/cbb/players/carlton-carrington-1.html,49.573,2.157894737
"George, Kyshawn",SF,Miami,12/12/2003,20.48,"6'8.25""","6'10.25""",209,"10.25""","8'9""",27,32,11.9,2.91,3.32,27,28.86,19,30,26,31,32,21,43,31,16,23,0.6,7.6,0.5,2.6,3,2.2,0.9,0.4,1.5,1.8,2.6,6.1,0.426,0.9,1.9,0.467,1.7,4.2,0.408,0.7,0.9,0.778,0.59,11.9,0.8,4.1,4.7,3.4,1.4,0.6,2.3,2.8,4.1,3,6.6,1.4,https://www.sports-reference.com/cbb/players/kyshawn-george-1.html,56.557,1.466666667
"Holmes II, DaRon",C,Dayton,8/15/2002,21.81,"6'10""","7'1""",236,"9""","9'0""",27.5,34,11.2,3.03,3.25,28,29.71,52,26,18,25,28,23,36,33,33,32.5,0.8,20.4,1.7,6.8,8.5,2.6,0.9,2.1,2.2,2,6.6,12.1,0.544,5.6,9.6,0.585,1,2.5,0.386,6.2,8.8,0.713,0.822,22.6,1.9,7.5,9.4,2.9,1,2.3,2.4,2.2,7.3,10.6,2.8,9.7,https://www.sports-reference.com/cbb/players/daron-holmesii-1.html,58.678,1.181818182
"Klintman, Bobi",PF,Australia,3/6/2003,21.25,"6'10""","6'11""",212,"10""","8'10.5""",26.5,32.5,11.49,3.21,3.23,29,29.86,24,24,25,24,27,51,34,23,,21.3,0.5,9.7,0.7,4.1,4.8,0.7,0.8,0.5,1.6,2.7,3.2,7.3,0.443,1.9,3.6,0.53,1.3,3.7,0.357,2,2.5,0.793,0.634,16.4,1.2,6.9,8.1,1.2,1.4,0.8,2.7,4.6,5.4,6.1,6.3,4.2,https://www.basketball-reference.com/international/players/bobi-klintman-1.html,52.74,0.4375
"Dunn, Ryan",PF,Virginia,1/7/2003,21.41,"6'7.5""","7'1.5""",214,"9.75""","8'7""",32,38.5,10.99,2.88,3.12,30,30.43,32,32,23,27,40,20,39,34,34,27.5,0.7,8.1,2.2,4.7,6.9,0.8,1.3,2.3,0.8,2.1,3.4,6.1,0.548,3.1,5.1,0.618,0.2,1,0.2,1.2,2.3,0.532,0.639,10.6,2.9,6.2,9,1,1.7,3,1,2.7,4.5,6.7,1.3,3,https://www.sports-reference.com/cbb/players/ryan-dunn-1.html,57.377,1
"McCullar Jr, Kevin",SF,Kansas,3/15/2001,23.23,"6'6.5""","6'9""",206,"9.5""","8'7""",,,,,,31,34.71,30,49,44,29,34,25,32,26,26,34.2,0.9,18.3,0.8,5.2,6,4.1,1.5,0.4,2.5,1.9,6.1,13.5,0.454,4.6,9,0.515,1.5,4.5,0.333,4.6,5.7,0.805,0.66,19.3,0.8,5.5,6.3,4.3,1.6,0.4,2.6,2,6.4,9.5,4.7,6,https://www.sports-reference.com/cbb/players/kevin-mccullar-1.html,50.741,1.64
"Shannon Jr, Terrence",SF,Illinois,7/30/2000,23.85,"6'7""","6'8.75""",219,"8.5""","8'4""",,,,,,32,35.71,31,36,29,21,38,81,14,32,31,33.9,0.8,23,0.8,3.2,4,2.3,1,0.9,2,2.2,6.8,14.4,0.475,4.4,7.8,0.573,2.4,6.7,0.362,6.9,8.6,0.801,0.78,24.4,0.8,3.4,4.2,2.4,1.1,1,2.1,2.3,7.2,8.3,7.1,9.1,https://www.sports-reference.com/cbb/players/terrence-shannonjr-1.html,55.556,1.15
"Karaban, Alex",PF,UConn,11/11/2002,21.57,"6'7.75""","6'11""",219,"9.25""","8'10.5""",22.5,32,11.23,,3.2,33,36.57,36,33,31,40,54,35,27,39,39,31.4,0.8,13.3,1.4,3.6,5.1,1.5,0.9,0.8,0.8,1.7,4.9,9.9,0.495,2.8,4.4,0.64,2.1,5.5,0.379,1.4,1.6,0.885,0.646,15.2,1.6,4.1,5.8,1.7,1,0.9,0.9,1.9,5.6,5,6.3,1.8,https://www.sports-reference.com/cbb/players/alex-karaban-1.html,60.101,1.875
"Dadiet, Pacome",SF,France,7/27/2005,18.86,"6'9""",,210,,,,,,,,34,37.14,38,65,61,30,18,33,15,18,,14.9,0.4,6.4,0.6,1,1.6,0.3,0.6,0.2,0.9,1.6,2.3,5.2,0.452,1.6,2.7,0.583,0.8,2.5,0.311,1,1.4,0.72,0.58,15.5,1.4,2.4,3.9,0.7,1.4,0.5,2.2,3.9,5.6,6.5,6,3.4,https://www.basketball-reference.com/international/players/pacome-dadiet-1.html,51.923,0.333333333
"Scheierman, Baylor",SF,Creighton,9/26/2000,23.69,"6'7.5""","6'8.25""",202,"9.75""","8'6.5""",27.5,32,10.89,2.94,3.09,35,37.71,26,27,34,38,45,53,41,35,35,36.8,0.9,18.5,0.7,8.3,9,3.9,0.9,0.1,2.2,1.7,6.3,14,0.448,3.1,5.7,0.545,3.1,8.3,0.381,2.8,3.2,0.876,0.643,18.1,0.7,8.1,8.8,3.8,0.9,0.1,2.2,1.7,6.2,5.6,8.1,3.1,https://www.sports-reference.com/cbb/players/baylor-scheierman-1.html,56.071,1.772727273
"Simpson, KJ",PG,Colorado,8/8/2002,21.83,"6'1.5""","6'4.5""",187,"9.25""","7'9.5""",32.5,40.5,10.49,2.98,3.24,36,40.14,51,51,43,36,39,36,25,37,37,35.1,0.9,19.7,0.8,5.1,5.8,4.9,1.6,0.1,2.2,2.5,6.6,13.8,0.475,4.4,8.9,0.497,2.1,4.9,0.434,4.4,5,0.876,0.694,20.2,0.8,5.2,5.9,5,1.6,0.1,2.3,2.6,6.8,9.1,5,5.1,https://www.sports-reference.com/cbb/players/kj-simpson-1.html,55.435,2.227272727
"Jones, Dillon",SF,Weber State,10/29/2001,22.6,"6'5.75""","6'11""",237,"9.25""","8'4.5""",26.5,33.5,11.08,2.82,3.25,37,40.71,47,67,19,32,58,29,33,31,31,37,0.9,20.8,0.8,9,9.8,5.2,2,0.1,3,2.3,6.9,14.2,0.489,5.8,10.8,0.54,1.1,3.4,0.324,5.8,6.8,0.857,0.713,20.2,0.8,8.8,9.5,5.1,1.9,0.1,2.9,2.2,6.7,10.5,3.3,6.6,https://www.sports-reference.com/cbb/players/dillon-jones-1.html,52.465,1.733333333
"Sallis, Hunter",SG,Wake Forest,3/26/2003,21.19,"6'4.75""","6'9.75""",179,"9.5""","8'4.5""",29.5,36,10.82,3.16,3.11,38,42,55,28,50,34,42,37,48,34,34,35.4,0.9,18,0.6,3.4,4.1,2.5,1.1,0.6,1.9,1.8,6.6,13.5,0.487,4.4,8.1,0.542,2.2,5.4,0.405,2.6,3.4,0.783,0.65,18.3,0.6,3.5,4.2,2.5,1.1,0.6,1.9,1.8,6.7,8.2,5.5,3.5,https://www.sports-reference.com/cbb/players/hunter-sallis-1.html,57.037,1.315789474
"Edwards, Justin",SF,Kentucky,12/16/2003,20.47,"6'7.25""","6'10""",209,"8.75""","8'6.5""",28,32.5,12.07,3.22,3.18,39,42.43,28,38,28,42,59,32,70,32,30,21.4,0.5,8.8,1.2,2.2,3.4,0.9,0.9,0.2,0.8,2.2,3.3,6.8,0.486,2.3,4.2,0.564,1,2.7,0.365,1.2,1.5,0.776,0.616,14.8,2,3.7,5.7,1.5,1.5,0.3,1.3,3.7,5.6,7.1,4.5,2.5,https://www.sports-reference.com/cbb/players/justin-edwards-4.html,55.882,1.125
"Mitchell, Ajay",PG,UC Santa Barbara,6/25/2002,21.95,"6'4.5""","6'6.25""",197,"8.5""","8'5""",28,33.5,11.12,2.95,3.11,40,44,44,47,45,44,31,52,45,29,29,31.5,0.8,20,0.2,3.8,4,4,1.2,0.4,2.6,2.6,6.7,13.3,0.504,5.6,10.4,0.535,1.1,2.9,0.393,5.4,6.3,0.858,0.731,22.9,0.2,4.3,4.6,4.6,1.4,0.5,3,3,7.7,11.9,3.3,7.2,https://www.sports-reference.com/cbb/players/ajay-mitchell-1.html,54.511,1.538461538
"Christie, Cameron",SG,Minnesota,7/24/2005,18.87,"6'5.75""","6'8""",190,"8""","8'5.5""",32.5,35.5,11.07,2.95,3.07,41,44.43,34,39,52,45,44,57,40,33,26,30.1,0.8,11.3,0.2,3.4,3.6,2.2,0.6,0.3,1.2,1.6,3.8,9.4,0.403,1.7,4,0.42,2.1,5.4,0.391,1.6,2,0.791,0.58,13.5,0.2,4.1,4.3,2.6,0.7,0.4,1.4,1.9,4.5,4.8,6.5,2.4,https://www.sports-reference.com/cbb/players/cam-christie-1.html,51.596,1.833333333
"Johnson, AJ",SG,Australia,12/1/2004,19.51,"6'5.75""","6'8.5""",167,"8.5""","8'6""",29,38,10.76,2.87,3.15,42,45.57,35,29,41,43,63,38,70,25,,7.9,0.2,2.8,0.3,1,1.3,0.7,0.2,0.1,0.6,0.8,1.1,3,0.355,0.8,1.9,0.396,0.3,1.1,0.286,0.3,0.5,0.538,0.433,12.8,1.4,4.6,5.9,3.2,0.9,0.5,2.7,3.6,5,8.7,5,2.3,https://www.basketball-reference.com/international/players/aj-johnson-1.html,41.667,1.166666667
"Djurisic, Nikola",SF,Serbia,2/23/2004,20.29,"6'8.25""","6'8""",209,"10""","8'6.5""",27.5,34.5,10.63,2.92,3.12,43,46.29,39,46,40,52,17,60,70,26,,30.7,0.8,14.4,0.3,2.4,2.7,3.4,1,0.4,3.2,2.7,4.9,10.8,0.454,3.7,7,0.519,1.2,3.7,0.33,3.4,4.6,0.739,0.647,16.9,0.4,2.8,3.2,4,1.2,0.5,3.8,3.2,5.7,8.2,4.3,5.4,https://www.basketball-reference.com/international/players/nikola-djurisic-1.html,50.926,1.0625
"Sandfort, Payton",SF,Iowa,7/12/2002,21.9,"6'7.5""","6'8""",212,"9""","8'8""",22,28,11.57,2.84,3.43,44,46.71,46,41,75,41,46,54,24,34,34,30.5,0.8,16.4,1.2,5.4,6.6,2.7,0.7,0.4,1.3,2.5,5.3,11.9,0.446,2.5,4.6,0.551,2.8,7.3,0.379,3,3.3,0.911,0.667,19.4,1.4,6.4,7.8,3.2,0.8,0.5,1.5,3,6.3,5.4,8.6,3.9,https://www.sports-reference.com/cbb/players/payton-sandfort-1.html,56.303,2.076923077
"Ingram, Harrison",SF,North Carolina,11/27/2002,21.53,"6'6.5""","7'0.25""",234,"10.25""","8'6.5""",29,35,11.36,2.94,3.17,45,46.71,43,58,51,51,47,48,29,37,36,32.8,0.8,12.2,2.6,6.2,8.8,2.2,1.4,0.4,1.4,1.9,4.4,10.2,0.43,2.6,5.7,0.467,1.8,4.6,0.385,1.6,2.6,0.612,0.583,13.4,2.9,6.8,9.7,2.4,1.5,0.4,1.5,2.1,4.8,6.3,5,2.9,https://www.sports-reference.com/cbb/players/harrison-ingram-1.html,51.961,1.571428571
"Shead, Jamal",PG,Houston,7/24/2002,21.87,"6'1.5""","6'3""",201,"8'75""","8'0""",30,37.5,10.87,2.87,2.94,46,48.14,53,40,35,58,60,47,44,37,37,31.1,0.8,12.9,0.9,2.8,3.7,6.3,2.2,0.5,2,2,4.8,11.7,0.409,3.6,7.9,0.456,1.2,3.8,0.309,2.2,2.8,0.779,0.536,14.9,1,3.2,4.3,7.3,2.5,0.6,2.3,2.3,5.6,9.1,4.4,3.2,https://www.sports-reference.com/cbb/players/jamal-shead-1.html,46.154,3.15
"Ighodaro, Oso",C,Marquette,7/14/2002,21.89,"6'10.75""","6'11""",222,"10""","8'8.5""",35,39.5,11.25,3.12,3.09,47,48.14,57,42,42,37,37,52,70,36,36,32.5,0.8,13.4,2.6,4.3,6.9,2.9,1.1,1.3,1.8,2.2,5.4,9.4,0.576,5.4,9.4,0.58,0,0.1,0,2.5,4.1,0.623,0.693,14.8,2.9,4.8,7.6,3.2,1.2,1.4,2,2.4,6,10.4,0.1,4.5,https://www.sports-reference.com/cbb/players/oso-ighodaro-1.html,57.447,1.611111111
"Hall, PJ",C,Clemson,2/21/2002,22.29,"6'9.75""","7'1.5""",240,"9.75""","8'7.5""",32.5,39.5,11.76,3.01,3.35,48,51,69,55,36,55,61,34,47,36,36,28.9,0.7,18.3,1.6,4.8,6.4,1.4,0.8,1.4,1.9,3.1,6.7,13.7,0.488,5.2,9.1,0.575,1.4,4.6,0.315,3.5,4.5,0.779,0.652,22.8,2,6,8,1.7,1,1.7,2.4,3.9,8.3,11.3,5.7,5.6,https://www.sports-reference.com/cbb/players/pj-hall-1.html,54.015,0.736842105
"Almansa, Izan",C,G-League Ignite,6/7/2005,19,"6'10.5""","7'1""",220,"9.25""","9'2""",28,35,10.94,2.96,3.11,49,52,48,52,46,47,51,50,70,48,46,27.3,0.7,10.5,2.7,4.4,7.1,1.4,0.8,0.7,0.9,1.7,4.2,7.6,0.549,4,6.9,0.585,0.2,0.7,0.206,1.1,2.1,0.545,0.673,13.9,3.5,5.9,9.3,1.8,1,0.9,1.2,2.2,5.5,9.1,0.9,2.7,https://basketball.realgm.com/player/Izan-Almansa/Summary/136317,56.003,1.52173913
"Bridges, Jalen",SF,Baylor,5/14/2001,23.06,"6'8""","6'10""",213,"10""","8'9""",25,32,11.14,3,3.16,50,52.29,56,59,65,57,43,51,35,35,35,31.7,0.8,12.2,1.9,3.7,5.7,1.4,1.1,0.6,1,1.5,4.1,8.8,0.466,2,3.8,0.538,2.1,5.1,0.412,1.9,2.3,0.823,0.666,13.9,2.2,4.2,6.5,1.6,1.2,0.7,1.1,1.7,4.7,4.3,5.8,2.6,https://www.sports-reference.com/cbb/players/jalen-bridges-1.html,58.523,1.4
"Bona, Adem",C,UCLA,3/28/2003,21.19,"6'9.5""","7'3.75""",243,"10""","9'0""",35,40,11.01,3.01,3.15,51,52.29,40,57,39,54,62,44,70,33,33,26.5,0.7,12.4,2,3.9,5.9,1.2,1.1,1.8,2.5,3.6,4.6,7.9,0.588,4.6,7.8,0.591,0,0,0,3.1,4.5,0.696,0.756,16.8,2.7,5.3,8,1.6,1.5,2.4,3.4,4.9,6.2,10.6,0,6.1,https://www.sports-reference.com/cbb/players/adem-bona-1.html,58.228,0.48
"Ajinca, Melvin",SG,France,6/26/2004,19.94,6'7',,200,,,,,,,,52,54,49,44,47,46,41,81,70,28,,24.6,0.6,9.3,1,2.3,3.3,0.8,0.5,0,0.6,2.2,3,8,0.375,1.4,2.7,0.507,1.6,5.3,0.309,1.7,2.1,0.797,0.557,13.6,1.5,3.4,4.8,1.2,0.7,0,0.9,3.2,4.4,4,7.8,3.1,https://www.basketball-reference.com/international/players/melvin-ajinca-1.html,47.5,1.333333333
"Larsson, Pelle",SG,Arizona,2/23/2001,23.29,"6'6.5""","6'7.5""",212,"10.25""","8'6""",30.5,38,11.15,2.91,3.06,53,55.71,45,64,55,53,50,81,42,36,36,30.1,0.8,12.8,1.1,3,4.1,3.7,0.9,0.2,1.9,2.6,4.5,8.7,0.519,3.3,5.7,0.568,1.3,3,0.426,2.4,3.2,0.75,0.709,15.3,1.3,3.6,4.9,4.4,1.1,0.2,2.3,3.1,5.4,6.8,3.6,3.8,https://www.sports-reference.com/cbb/players/pelle-larsson-1.html,59.195,1.947368421
"Nunez, Juan",PG,Spain,6/4/2004,20.01,"6'4""",,194,,,,,,,,54,57.29,37,62,60,39,90,43,70,14,,25.9,0.6,10.4,1,2.8,3.8,5.8,1.9,0.1,2.9,2.1,3.9,7.8,0.505,3,5.2,0.575,0.9,2.6,0.361,1.6,2.9,0.537,0.647,14.5,1.4,3.9,5.3,8.1,2.6,0.1,4,2.9,5.4,7.2,3.6,4,https://www.basketball-reference.com/international/players/juan-nunez-1.html,55.769,2
"Alexander, Trey",SG,Creighton,5/2/2003,21.09,"6'4.5""","6'10.5""",187,"10""","8'5.5""",26.5,32,11.37,2.92,3.21,55,59.14,70,37,58,50,90,39,70,35,35,37.3,0.9,17.6,0.5,5.2,5.7,4.7,1.1,0.4,2.5,1.7,6.6,14.9,0.446,4.9,9.6,0.504,1.8,5.2,0.339,2.5,3.1,0.824,0.577,17,0.5,5,5.5,4.5,1.1,0.4,2.4,1.6,6.4,9.3,5,3,https://www.sports-reference.com/cbb/players/trey-alexander-1.html,50.336,1.88
"Chomche, Ulrich",C,NBA Academy Africa,12/30/2005,18.43,"6'11.5""","7'4""",232,"10.25""","9'1""",29,35.5,11.74,2.84,3.1,56,59.71,41,88,66,48,24,81,70,3,3,30.1,0.8,13,1.3,7.7,9,3.3,1.3,2.7,5,1,4.7,11,0.424,2,4,0.5,2.7,7,0.381,1,1.3,0.75,0.574,15.5,1.6,9.2,10.8,4,1.6,3.2,6,1.2,5.6,4.8,8.4,1.6,https://basketball.realgm.com/player/Ulrich-Chomche/Summary/155584,54.591,0.666
"Spencer, Cam",SG,UConn,4/6/2000,24.17,"6'4.25""","6'5""",202,"9.75""","8'2.5""",23,30.5,11.07,3,3.35,57,59.71,62,43,53,61,48,81,70,40,40,33,0.8,14.3,1.1,3.8,4.9,3.6,1.5,0.3,1,2.2,4.9,10.1,0.484,2.4,4.5,0.539,2.5,5.6,0.44,2.1,2.3,0.911,0.681,15.6,1.2,4.1,5.3,3.9,1.6,0.3,1.1,2.4,5.3,4.9,6.1,2.5,https://www.sports-reference.com/cbb/players/cam-spencer-1.html,60.891,3.6
"Johnson, Keshad",PF,Arizona,6/23/2001,22.95,"6'7.5""","6'10.25""",224,"10.75""","8'7""",31.5,42,11.38,3.02,3.03,58,61.29,50,66,57,56,49,81,70,36,36,27.6,0.7,11.5,2,3.9,5.9,1.8,1,0.7,1.6,2.1,4.2,7.9,0.53,3.2,5.3,0.599,1,2.6,0.387,2.1,3,0.71,0.7,15,2.6,5.1,7.7,2.3,1.3,0.9,2.1,2.7,5.5,6.9,3.4,3.9,https://www.sports-reference.com/cbb/players/keshad-johnson-1.html,59.494,1.125
"Flowers, Trentyn",SF,Australia,3/8/2005,19.24,"6'7.75""","6'8.25""",201,"9.5""","8'4.5""",34.5,42,11.01,3,3.13,59,61.57,64,93,59,65,25,55,70,18,5,12.7,0.3,5,0.6,2.3,2.9,0.4,0.3,0.1,1,1.3,1.8,4,0.444,1.4,2.9,0.473,0.4,1.1,0.368,1.1,1.7,0.613,0.586,14.2,1.6,6.6,8.2,1.2,0.8,0.3,2.8,3.8,5,8.3,3,4.9,https://basketball.realgm.com/player/Trentyn-Flowers/Summary/191124,49.375,0.44
"Newton, Tristen",PG,UConn,4/26/2001,23.11,"6'4.5""","6'6.75""",192,"9""","8'4""",25,32.5,10.96,2.84,3.24,60,61.71,78,50,37,59,57,81,70,40,40,33.2,0.8,15.1,1.4,5.2,6.6,6.2,0.9,0.3,2.5,1.8,4.6,11,0.415,2.8,5.5,0.509,1.8,5.5,0.321,4.2,5.2,0.808,0.665,16.4,1.5,5.6,7.2,6.7,1,0.3,2.7,2,5,6,6,5.6,https://www.sports-reference.com/cbb/players/tristen-newton-1.html,50,2.48
"Sears, Mark",PG,Alabama,2/19/2002,22.3,"5'11.5""","6'2""",192,"8.5""","7'8""",32,39,11.96,3.26,3.33,61,62.57,80,48,67,94,33,46,70,37,37,33.6,0.8,21.5,0.9,3.3,4.2,4,1.6,0.1,2.4,2,6.8,13.4,0.508,4.2,7.5,0.565,2.6,5.9,0.436,5.4,6.2,0.857,0.78,23,1,3.5,4.5,4.3,1.7,0.1,2.6,2.1,7.3,8,6.3,6.6,https://www.sports-reference.com/cbb/players/mark-sears-1.html,60.448,1.666666667
"Mogbo, Jonathan",PF,San Francisco,10/29/2001,22.6,"6'7.5""","7'2""",217,"8.75""","9'0.5""",31.5,37.5,11.14,3.07,3.02,62,63.71,42,83,63,49,90,49,70,34,34,28.9,0.7,14.2,3.3,6.8,10.1,3.6,1.6,0.8,1.8,2.6,6.1,9.5,0.636,6.1,9.5,0.64,0,0.1,0,2.1,3.1,0.692,0.724,17.7,4.1,8.5,12.6,4.5,2,1,2.2,3.2,7.6,11.8,0.1,3.9,https://www.sports-reference.com/cbb/players/jonathan-mogbo-1.html,64.211,2
"Reeves, Antonio",SG,Kentucky,11/20/2000,23.54,"6'5.75""","6'8.25""",187,"10""","8'4.5""",29,36,11.44,3.16,3.14,63,66.71,63,54,72,60,90,58,70,33,33,31.4,0.8,20.2,0.7,3.4,4.2,1.6,0.7,0.2,1.2,1.8,7.1,13.9,0.512,4.6,8.2,0.557,2.5,5.7,0.447,3.4,4,0.863,0.707,23.2,0.8,3.9,4.8,1.8,0.8,0.2,1.4,2.1,8.1,9.4,6.5,4.6,https://www.sports-reference.com/cbb/players/antonio-reeves-1.html,60.072,1.333333333
"Watkins, Jamir",SF,Florida State,7/6/2001,22.92,"6'6.25""",6'10.75,212,"9.5""","8'8""",30.5,35.5,10.64,3.16,3.01,64,67.29,74,72,94,94,55,45,37,33,33,28.1,0.7,15.6,1.5,4.5,6,2.8,1.9,0.8,2.5,2.8,4.8,10.5,0.457,3.8,7.6,0.5,1,2.9,0.344,4.9,6.2,0.795,0.719,20,1.9,5.8,7.7,3.6,2.4,1,3.2,3.6,6.1,9.7,3.7,7.9,https://www.sports-reference.com/cbb/players/jamir-watkins-1.html,50.476,1.12
"Hukporti, Ariel",C,Australia,4/12/2002,22.15,"7'0""","7'2.5""",246,"10.25""","9'3""",,,,,,65,69.43,58,56,68,63,90,81,70,28,,18.4,0.5,8.4,2.4,4.6,7,0.7,0.6,1.5,1.7,2.9,3.2,5.4,0.596,3.2,5.4,0.596,0,0,0,2,3.2,0.618,0.74,16.4,4.7,9,13.7,1.4,1.2,2.9,3.3,5.7,6.3,10.6,0,6.3,https://www.basketball-reference.com/international/players/ariel-hukporti-1.html,59.259,0.411764706
"Robinson, Jaxson",SG,BYU,12/3/2002,21.51,"6'6""","6'11.25""",189,"9.5""","8'7""",29.5,34,11.39,3.06,3.17,66,71.14,66,79,74,62,90,81,46,33,6,26.4,0.7,14.2,0.4,2.1,2.5,1.3,0.7,0.4,1.5,1.8,5,11.7,0.426,2.5,4.7,0.532,2.5,6.9,0.354,1.8,2,0.908,0.587,19.4,0.5,2.9,3.4,1.8,1,0.5,2,2.5,6.8,6.4,9.4,2.7,https://www.sports-reference.com/cbb/players/jaxson-robinson-1.html,53.419,0.866666667
"Post, Quinten",C,Boston College,3/21/2000,24.21,"7'1.25""","7'2.5""",244,"10""","9'4""",24,27,11.48,3.03,3.4,67,71.43,71,61,71,94,52,81,70,35,35,31.9,0.8,17,2,6.1,8.1,2.9,0.9,1.7,2.5,2.9,6.3,12.3,0.514,4.9,9,0.544,1.4,3.3,0.431,2.9,3.5,0.821,0.671,19.2,2.3,6.9,9.1,3.3,1,1.9,2.8,3.3,7.1,10.2,3.7,3.9,https://www.sports-reference.com/cbb/players/quinten-post-1.html,56.911,1.16
"Brazile, Trevon",PF,Arkansas,1/7/2003,21.41,"6'10.5""","7'3.75""",215,"10.25""","9'0.5""",33,41,11.15,3.01,3.09,68,71.71,67,71,94,66,53,81,70,26,23,25.7,0.6,8.6,1.7,4.2,5.9,0.5,0.7,1.2,1.5,2.3,3,6.2,0.488,2.1,3.6,0.585,0.9,2.6,0.353,1.6,2.3,0.695,0.661,12,2.4,5.9,8.3,0.7,1,1.7,2.1,3.2,4.2,5,3.6,3.2,https://www.sports-reference.com/cbb/players/trevon-brazile-1.html,55.645,0.333333333
"Clifford, Nique",SF,Colorado State,2/9/2002,22.33,"6'6.25""","6'8""",199,"9""","8'6""",30,37,10.95,3.1,3.08,69,72.43,89,68,70,94,90,26,70,36,36,30.3,0.8,12.2,1.1,6.6,7.6,3,1.4,0.9,1.8,2.8,4.6,8.9,0.522,3.5,5.9,0.597,1.1,3,0.376,1.8,2.3,0.759,0.661,14.5,1.3,7.8,9,3.6,1.7,1.1,2.1,3.3,5.5,7,3.6,2.7,https://www.sports-reference.com/cbb/players/nique-clifford-1.html,57.865,1.666666667
"Beekman, Reece",PG,Virginia,10/8/2001,22.66,"6'2.5""","6'6.5""",196,"9""","8'4""",30,36.5,10.86,3.08,2.94,70,72.71,90,85,69,69,67,59,70,34,34,32.8,0.8,14.3,0.4,3.3,3.6,6.2,2,0.5,2.1,1.3,5.3,11.9,0.443,4.4,9,0.487,0.9,2.9,0.31,2.8,3.7,0.754,0.585,15.7,0.4,3.6,4,6.8,2.2,0.5,2.3,1.4,5.8,9.9,3.2,4.1,https://www.sports-reference.com/cbb/players/reece-beekman-1.html,48.319,2.952380952
"Grant-Foster, Tyon",SF,Grand Canyon,3/5/2000,24.25,"6'7""","6'11.75""",215,"9.25""","8'8""",,,,,,71,73.14,83,45,49,94,90,81,70,34,34,33.5,0.8,20.1,1.3,4.8,6.1,1.6,1.7,1.5,2.5,2.3,6.2,14,0.446,4.8,9.5,0.5,1.5,4.4,0.331,6.2,8.3,0.745,0.701,21.6,1.4,5.2,6.6,1.7,1.8,1.6,2.7,2.5,6.7,10.2,4.7,8.9,https://www.sports-reference.com/cbb/players/tyon-grant-foster-1.html,49.643,0.64
"James, Bronny",SG,USC,10/6/2004,19.67,"6'2.75""","6'7.25""",210,"9.5""","8'2.5""",32,40.5,10.96,3.02,3.09,72,74.29,54,118,56,72,69,81,70,25,6,19.3,0.5,4.8,0.3,2.6,2.8,2.1,0.8,0.2,1.1,1.7,1.6,4.5,0.366,1,2.1,0.481,0.6,2.4,0.267,0.9,1.4,0.676,0.5,9,0.6,4.8,5.2,3.9,1.5,0.4,2.1,3.2,3,3.9,4.5,2.6,https://www.sports-reference.com/cbb/players/bronny-james-1.html,42.222,1.909090909
"Hawkins, Coleman",PF,Illinois,10/10/2001,22.66,"6'9.75""","7'0""",215,"8.75""","8'11""",24,29.5,12.05,3.21,3.3,73,74.57,79,87,73,67,65,81,70,35,35,31.6,0.8,12.1,1.4,4.7,6.1,2.7,1.5,1.1,1.6,2.6,4.1,9.1,0.451,2.4,4.5,0.535,1.7,4.6,0.369,2.2,2.7,0.792,0.64,13.8,1.6,5.4,6.9,3.1,1.7,1.3,1.8,3,4.7,5.1,5.2,3.1,https://www.sports-reference.com/cbb/players/coleman-hawkins-1.html,54.396,1.6875
"Mintz, Judah",PG,Syracuse,7/10/2003,20.91,"6'4""",,176,,,,,,,,74,76.71,94,81,94,70,68,81,49,32,31,33.9,0.8,18.8,0.5,2.8,3.2,4.4,2.1,0.1,2.9,2.2,5.9,13.4,0.438,5.1,10.8,0.477,0.8,2.7,0.282,6.3,8.3,0.765,0.684,20,0.5,3,3.4,4.7,2.2,0.1,3.1,2.3,6.3,11.5,2.9,8.8,https://www.sports-reference.com/cbb/players/judah-mintz-1.html,47.015,1.517241379
"Rubstavicius, Mantas",SF,Australia,5/6/2002,22.08,"6'7""",,190,,,,,,,,75,77.43,65,78,94,64,90,81,70,23,,19.8,0.5,9.5,0.7,1.5,2.1,1.1,0.8,0.1,1,2.5,3.2,6,0.525,1.9,3.1,0.611,1.3,2.9,0.433,1.9,2.3,0.811,0.747,17.3,1.3,2.7,3.8,2,1.5,0.2,1.8,4.5,5.8,5.6,5.3,4.2,https://www.basketball-reference.com/international/players/mantas-rubstavicius-1.html,64.167,1.1
"Jones, Isaac",C,Washington State,7/11/2000,23.9,"6'9""","7'3""",235,"10.25""","9'0""",29,35,11.49,3,3.38,76,78,59,118,54,94,90,81,50,35,34,31.7,0.8,15.3,2.3,5.3,7.6,1.5,0.5,1.1,1.9,2,5.7,9.9,0.575,5.7,9.5,0.596,0,0.4,0.071,3.9,5.5,0.712,0.749,17.4,2.6,6,8.6,1.7,0.6,1.2,2.2,2.3,6.5,10.8,0.5,6.2,https://www.sports-reference.com/cbb/players/isaac-jones-3.html,57.576,0.789473684
"Wells, Jaylen",SF,Washington State,8/26/2003,20.78,"6'7.75""","6'7.25""",206,"9.25""","8'7.5""",27.5,36,11.28,3.03,3.08,77,78.29,60,82,94,71,90,81,70,34,20,29.2,0.7,12.6,1.2,3.4,4.6,1.2,0.5,0.2,0.7,1.9,4.1,9.4,0.436,2,4.4,0.457,2.1,4.9,0.417,2.3,2.9,0.814,0.646,15.5,1.5,4.2,5.7,1.5,0.6,0.2,0.9,2.3,5.1,5.4,6,3.6,https://www.sports-reference.com/cbb/players/jaylen-wells-1.html,54.787,1.714285714
"Dante, N'Faly",C,Oregon,10/19/2001,22.63,"6'11.25""","7'6""",260,"10""","9'3""",27,33,11.55,3.04,3.23,78,79.57,91,69,62,94,90,81,70,22,21,31.5,0.8,17,2.8,6.4,9.2,1.6,1.7,1.9,2.4,2.1,7,10,0.695,7,10,0.695,0,0,0,3.1,5,0.613,0.828,19.4,3.2,7.3,10.5,1.8,1.9,2.2,2.7,2.4,8,11.4,0,5.7,https://www.sports-reference.com/cbb/players/nfaly-dante-1.html,70,0.666666667
"Crawford, Isaiah",SF,Louisiana Tech,11/1/2001,22.6,"6'6""",,220,,,,,,,,79,80.43,81,53,94,94,90,81,70,32,32,32.9,0.8,16.3,1.9,4.3,6.2,2.4,2.1,1.7,2.5,2.3,5.7,11.7,0.485,4.4,8.6,0.511,1.3,3.1,0.414,3.7,5.1,0.728,0.678,17.8,2.1,4.7,6.8,2.6,2.3,1.9,2.7,2.5,6.2,9.4,3.4,5.6,https://www.sports-reference.com/cbb/players/isaiah-crawford-1.html,54.274,0.96
"Miller, Baba",PF,Florida,2/7/2004,20.33,"6'11""","7'2""",204,,,,,,,,80,82.57,76,118,94,73,66,81,70,33,32,24.8,0.6,7.6,1.2,3.7,4.9,1.4,0.9,1.1,1.5,3.1,2.8,6.2,0.449,2.1,3.7,0.553,0.7,2.5,0.293,1.3,2.4,0.557,0.59,11,1.7,5.4,7.1,2,1.3,1.6,2.2,4.5,4.1,5.4,3.6,3.5,https://www.sports-reference.com/cbb/players/baba-miller-1.html,50.806,0.933333333
"Freeman, Enrique",PF,Akron,7/29/2000,23.85,6' 8.5'',7' 2.00'',212,10,9' 0.00'',30.5,35,10.99,3.04,3.26,81,82.57,61,118,64,94,90,81,70,35,35,32.5,0.8,18.6,3.6,9.4,12.9,1.6,0.8,1.7,2.5,2.8,6.7,11.4,0.584,6.1,9.9,0.617,0.6,1.5,0.37,4.7,6.5,0.728,0.793,20.6,4,10.4,14.3,1.8,0.9,1.9,2.8,3.1,7.4,11,1.7,7.2,https://www.sports-reference.com/cbb/players/enrique-freeman-1.html,61.404,0.64
"Evans, Kwame",PF,Oregon,8/2/2004,19.84,"6'9""","7'0""",200,,,,,,,,82,83,118,34,94,94,90,81,70,36,29,22.5,0.6,7.3,1.4,3.5,4.9,1.1,1.2,1,0.8,2.5,2.5,5.6,0.446,1.9,3.5,0.551,0.6,2.1,0.267,1.7,2.2,0.795,0.613,11.7,2.2,5.6,7.8,1.8,1.9,1.6,1.3,4,4,5.6,3.4,3.5,https://www.sports-reference.com/cbb/players/kwame-evans-jr-2.html,50,1.375
"Lewis, Malique",PF,Mexico,11/10/2004,19.57,"6'8""",,205,,,,,,,,83,83,92,60,94,94,90,81,70,50,24,25.2,0.6,8.3,1.2,4.7,5.8,1.3,0.8,1,1.2,2,3.2,6.5,0.488,2.1,3.5,0.613,1,3,0.344,0.6,0.9,0.674,0.614,11.9,1.7,6.7,8.3,1.8,1.2,1.4,1.7,2.9,4.5,4.9,4.3,1.2,https://basketball.realgm.com/player/Malique-Lewis/Summary/189653,56.79,1.05
"Lee, Xaivian",PG,Princeton,3/12/2004,20.23,"6'3""",,171,,,,,,,,84,83.57,118,63,94,94,90,56,70,29,29,31.2,0.8,17.1,0.7,5.1,5.7,3.7,1,0.5,1.4,2.1,5.9,13,0.451,4.1,7.7,0.529,1.8,5.3,0.338,3.6,4.4,0.798,0.64,19.7,0.8,5.9,6.6,4.3,1.2,0.6,1.6,2.4,6.8,8.9,6.1,5.1,https://www.sports-reference.com/cbb/players/xaivian-lee-1.html,52.308,2.642857143
"Toppin, JT",PF,New Mexico,6/14/2005,18.98,"6'8.25""","7'0.5""",221,"9.25""","8'10""",28.5,34,11.12,3.01,3.27,85,83.57,84,118,48,94,90,81,70,36,35,26.6,0.7,12.4,3.7,5.4,9.1,0.6,1.1,1.9,0.9,2.6,5.4,8.6,0.623,5.1,7.7,0.655,0.3,0.9,0.344,1.3,2.4,0.565,0.701,16.8,5,7.3,12.3,0.8,1.5,2.6,1.2,3.5,7.3,10.4,1.2,3.2,https://www.sports-reference.com/cbb/players/jt-toppin-1.html,64.535,0.666666667
"Pullin, Zyon",PG,Florida,3/3/2001,23.26,"6'4""","6'6""",210,,,,,,,,86,83.86,118,74,94,94,56,81,70,33,27,33.5,0.8,15.5,0.7,3.2,3.9,4.9,0.9,0.1,1.3,2,4.8,10.8,0.444,3.7,8.4,0.442,1.1,2.4,0.449,4.9,5.8,0.847,0.694,16.7,0.8,3.4,4.2,5.3,1,0.1,1.4,2.1,5.2,9,2.6,6.2,https://www.sports-reference.com/cbb/players/zyon-pullin-1.html,49.537,3.769230769
"Traore, Armel",PF,France,1/23/2003,21.37,"6'9""",,210,,,,,,,,87,83.86,72,86,94,94,90,81,70,33,,25.5,0.6,10.8,2.4,5,7.3,1.5,0.6,0.3,1.7,2.3,4.2,7.7,0.541,3.7,5.9,0.629,0.5,1.8,0.262,1.9,3,0.646,0.676,15.2,3.4,7.1,10.3,2.1,0.8,0.4,2.4,3.2,5.9,8.3,2.5,4.2,https://www.basketball-reference.com/international/players/armel-traore-1.html,57.792,0.882352941
"Kalkbrenner, Ryan",C,Creighton,1/17/2002,22.39,"7'2""",,252,,,,,,,,88,84.43,118,70,94,68,90,81,70,35,35,34.7,0.9,17.3,2.5,5.1,7.6,1.3,0.4,3.1,1.5,1.9,6.9,10.7,0.646,6.4,9.1,0.705,0.5,1.5,0.296,3,4.3,0.711,0.785,17.9,2.6,5.3,7.9,1.3,0.4,3.2,1.6,2,7.2,9.4,1.6,4.5,https://www.sports-reference.com/cbb/players/ryan-kalkbrenner-1.html,66.822,0.866666667
"Murrell, Matthew",SG,Ole Miss,12/19/2001,22.46,"6'3""",,201,,,,,,,,89,85.29,77,91,94,94,90,81,70,32,32,32.9,0.8,16.2,0.6,3.1,3.6,2.4,1.6,0.3,1.7,2,5.6,12,0.464,3.1,5.9,0.532,2.4,6.1,0.398,2.7,3.6,0.739,0.657,17.7,0.7,3.4,3.9,2.6,1.8,0.3,1.9,2.2,6.1,6.5,6.7,3.9,https://www.sports-reference.com/cbb/players/matthew-murrell-1.html,56.667,1.411764706
"Watson, Anton",PF,Gonzaga,10/6/2000,23.67,"6'8""",,241,,,,,,,,90,87.71,85,100,94,94,90,81,70,35,35,31.3,0.8,14.5,2.2,4.9,7.1,2.6,1.5,0.7,1.4,2.3,5.8,10,0.578,5.2,8.6,0.607,0.6,1.5,0.412,2.3,3.5,0.653,0.705,16.7,2.5,5.6,8.2,3,1.7,0.8,1.6,2.6,6.7,9.9,1.7,4,https://www.sports-reference.com/cbb/players/anton-watson-1.html,61,1.857142857
"Onyenso, Ugonna",C,Kentucky,9/25/2004,19.7,"6'11""",,220,,,,,,,,91,87.86,68,118,94,94,90,81,70,24,14,18.8,0.5,3.6,1.8,3,4.8,0.2,0.3,2.8,0.7,1.4,1.4,2.5,0.55,1.4,2.5,0.559,0,0,0,0.8,1.4,0.588,0.652,6.9,3.4,5.7,9.2,0.4,0.6,5.4,1.3,2.7,2.7,4.8,0,2.7,https://www.sports-reference.com/cbb/players/ugonna-onyenso-1.html,56,0.285714286
"Kraag, Yannick",SF,Spain,10/16/2002,21.64,"6'8""",,190,,,,,,,,92,88,95,92,94,94,90,81,70,32,,15.8,0.4,4.6,1.1,2.2,3.2,0.4,0.6,0.2,0.5,1.7,1.7,3.7,0.466,1.2,2.1,0.559,0.5,1.6,0.34,0.7,1.1,0.6,0.58,10.5,2.5,5,7.3,0.9,1.4,0.5,1.1,3.9,3.9,4.8,3.6,2.5,https://www.basketball-reference.com/international/players/yannick-kraag-1.html,52.703,0.8
"Hinson, Blake",SF,Pittsburgh,12/26/1999,24.44,"6'7""",,230,,,,,,,,93,88.57,118,73,94,94,90,81,70,33,33,33.6,0.8,18.5,0.9,3.5,4.4,0.8,0.5,0.2,1.3,2.2,6.1,13.4,0.454,2.8,5.5,0.5,3.3,7.9,0.421,2.9,4.4,0.669,0.675,19.8,1,3.8,4.7,0.9,0.5,0.2,1.4,2.4,6.5,5.9,8.5,4.7,https://www.sports-reference.com/cbb/players/blake-hinson-1.html,57.836,0.615384615
"Clayton Jr, Walter",PG,Florida,3/6/2003,21.25,"6'2""",,195,,,,,,,,94,88.57,97,94,94,94,90,81,70,36,36,30.9,0.8,17.6,0.5,3.1,3.6,2.6,1.1,0.6,2.2,2.4,5.6,13,0.432,3,5.9,0.512,2.6,7.1,0.365,3.8,4.3,0.877,0.657,20.5,0.6,3.6,4.2,3,1.3,0.7,2.6,2.8,6.5,6.9,8.3,5,https://www.sports-reference.com/cbb/players/walter-claytonjr-1.html,53.077,1.181818182
"Perrin, Zacharie",PF,France,8/30/2004,19.77,"6'10""",,220,,,,,,,,95,88.57,73,118,94,94,90,81,70,30,,24.2,0.6,9.7,1.6,4.9,6.5,1.1,0.7,0.4,1.2,1.8,3.7,6.9,0.538,3.1,5,0.616,0.6,1.9,0.333,1.6,2.6,0.628,0.673,14.4,2.4,7.3,9.7,1.6,1,0.6,1.8,2.7,5.5,7.5,2.8,3.9,https://basketball.eurobasket.com/player/Zacharie-Perrin/585329,58.391,0.916666667
"Love, Caleb",SG,Arizona,9/27/2001,22.69,"6'4""",,195,,,,,,,,96,88.86,118,95,94,74,90,81,70,36,36,32.3,0.8,18,0.7,4.1,4.8,3.4,1.2,0.3,2.1,1.1,6.1,14.7,0.413,3.5,7,0.502,2.6,7.7,0.332,3.3,4,0.839,0.597,20.1,0.8,4.6,5.3,3.8,1.3,0.3,2.3,1.2,6.8,7.8,8.6,4.5,https://www.sports-reference.com/cbb/players/caleb-love-1.html,50.34,1.619047619
"Nelson, Grant",PF,Alabama,3/18/2002,22.22,"6'11""",,223,,,,,,,,97,88.86,118,75,94,94,90,81,70,37,37,25.6,0.6,11.9,1.6,4.3,5.9,1.5,0.6,1.6,1.4,3.1,3.9,8,0.488,3.1,5,0.616,0.8,3,0.273,3.3,4.1,0.813,0.712,16.7,2.3,6,8.3,2.1,0.8,2.3,2,4.4,5.5,7,4.2,5.8,https://www.sports-reference.com/cbb/players/grant-nelson-1.html,53.75,1.071428571
"Ajayi, Michael",SF,Pepperdine,6/23/2003,20.95,"6'7""","7'0.75""",228,"9.75""",8'10.5,27,34.5,11.77,3.17,3.21,98,88.86,75,118,94,94,90,81,70,36,36,32.3,0.8,18,0.7,4.1,4.8,3.4,1.2,0.3,2.1,1.1,6.1,14.7,0.413,3.5,7,0.502,2.6,7.7,0.332,3.3,4,0.839,0.597,20.1,0.8,4.6,5.3,3.8,1.3,0.3,2.3,1.2,6.8,7.8,8.6,4.5,https://www.sports-reference.com/cbb/players/caleb-love-1.html,50.34,1.619047619
"Johnson, Kobe",SG,USC,1/15/2003,21.39,"6'6""",,175,,,,,,,,99,89,118,76,94,94,90,81,70,31,28,31,0.8,10.9,0.5,4.1,4.6,3.3,2.2,0.8,2.1,2.2,4.1,10.1,0.404,2.8,5.9,0.467,1.3,4.1,0.313,1.5,2,0.726,0.523,12.7,0.6,4.8,5.3,3.8,2.6,0.9,2.4,2.6,4.8,6.9,4.8,2.3,https://www.sports-reference.com/cbb/players/kobe-johnson-1.html,47.03,1.571428571
"Disu, Dylan",PF,Texas,11/12/2000,23.57,"6'9""",,225,,,,,,,,100,89,98,96,94,94,90,81,70,25,20,25.8,0.6,15.5,1,4,5,1.5,1.3,1.1,1.6,3.4,5.6,12,0.465,3.9,8.3,0.471,1.6,3.6,0.451,2.8,3.4,0.812,0.627,21.6,1.4,5.6,7,2.1,1.8,1.5,2.2,4.7,7.8,11.6,5,4.7,https://www.sports-reference.com/cbb/players/dylan-disu-1.html,53.333,0.9375
"Toohey, Alex",SF,Australia,5/5/2004,20.09,"6'8""",,212,,,,,,,,101,89.14,118,77,94,94,90,81,70,29,25,21.5,0.5,8,1.3,2.7,4,0.8,0.5,0.5,0.4,1.6,2.8,6.4,0.443,2.2,4.1,0.55,0.6,2.3,0.254,1.7,2.5,0.685,0.596,13.3,2.2,4.5,6.7,1.3,0.8,0.9,0.6,2.7,4.7,6.8,3.9,4.2,https://basketball.realgm.com/player/Alex-Toohey/Summary/177212,48.981,2
"Stevens, Isaiah",PG,Colorado State,11/1/2000,23.6,"6'0""",,180,,,,,,,,102,89.57,118,80,94,94,90,81,70,36,36,34.8,0.9,16,0.5,2.7,3.2,6.8,1.2,0.2,2.4,1.4,5.8,12.3,0.474,4,8.1,0.491,1.8,4.2,0.44,2.6,3.1,0.836,0.632,16.6,0.5,2.8,3.3,7,1.2,0.2,2.5,1.4,6,8.4,4.3,3.2,https://www.sports-reference.com/cbb/players/isaiah-stevens-1.html,54.472,2.833333333
"Minix, Riley",SF,Morehead State,1/1/2000,24.43,"6'8""",,227,,,,,,,,103,89.86,82,118,94,94,90,81,70,35,35,33.8,0.8,20.9,3,6.6,9.7,2.2,1.3,1,2.3,2.3,7.8,14.4,0.541,6.1,9.5,0.638,1.7,4.8,0.349,3.7,4.4,0.839,0.708,22.3,3.2,7,10.3,2.3,1.4,1.1,2.4,2.4,8.3,10.1,5.1,4.7,https://www.sports-reference.com/cbb/players/riley-minix-1.html,60.069,0.956521739
"Yang, Hansen",C,China,6/26/2005,18.94,"7'1""",,249,,,,,,,,104,90.14,118,84,94,94,90,81,70,53,53,33.6,0.8,14.7,2.4,8.5,10.9,3.8,0.7,2.2,3.5,2.7,5.9,10.9,0.548,5.8,10.3,0.567,0.1,0.6,0.219,2.7,4.3,0.624,0.662,15.8,2.6,9.1,11.6,4.1,0.8,2.4,3.8,2.9,6.4,11,0.6,4.6,https://basketball.realgm.com/player/Hansen-Yang/Summary/202779,55.346,1.091168091
"Stevenson, Jarin",PF,Alabama,10/15/2005,18.64,"6'10""",,195,,,,,,,,105,90.43,86,118,94,94,90,81,70,37,5,16.6,0.4,5.3,0.6,2.1,2.7,0.4,0.2,0.4,0.9,1.7,1.8,4.3,0.418,0.9,1.5,0.596,0.9,2.7,0.317,0.8,1.2,0.689,0.576,11.5,1.3,4.6,5.9,0.9,0.4,0.9,2,3.7,3.9,3.3,5.9,2.6,https://www.sports-reference.com/cbb/players/jarin-stevenson-1.html,52.326,0.444444444
"Tomlin, NaeQwon",PF,Memphis,1/1/2001,23.43,"6' 9.5""",7' 2.50'',205,10,9' 1.00'',27.5,32.5,11.63,3.54,3.43,106,90.57,87,118,94,94,90,81,70,21,11,26.9,0.7,14,2.3,3.7,6,0.7,0.8,1.1,1,3.1,5.4,9,0.601,4.4,6.4,0.681,1,2.5,0.396,2.3,3,0.774,0.749,18.7,3.1,5,8,0.9,1.1,1.5,1.3,4.1,7.2,8.6,3.3,4,https://www.sports-reference.com/cbb/players/naeqwan-tomlin-1.html,65.556,0.7
"Edwards, Jesse",C,West Virginia,3/18/2000,24.22,7' 0.75'',7' 5.00'',236,10,9' 3.00'',30.5,35.5,11.24,3.23,3.33,107,90.71,88,118,94,94,90,81,70,23,22,28.2,0.7,15,3.2,4.9,8,1.2,0.6,1.7,1.9,3,5.8,9.4,0.613,5.8,9.3,0.624,0,0.2,0,3.5,6.7,0.523,0.779,19.1,4.1,6.3,10.2,1.5,0.8,2.2,2.4,3.8,7.4,11.9,0.3,8.6,https://www.sports-reference.com/cbb/players/jesse-edwards-1.html,61.702,0.631578947
"Poplar, Wooga",SG,Miami,1/5/2003,21.42,"6'5""",,195,,,,,,,,108,90.86,118,89,94,94,90,81,70,29,29,31.1,0.8,13.1,0.7,4.1,4.8,2.1,0.8,0.3,1.9,2.1,4.6,10.8,0.426,2.4,5.2,0.47,2.1,5.6,0.385,1.8,2,0.864,0.586,15.2,0.8,4.7,5.6,2.4,0.9,0.3,2.2,2.4,5.3,6,6.5,2.3,https://www.sports-reference.com/cbb/players/wooga-poplar-1.html,52.315,1.105263158
"Bal, Adama",PG,Santa Clara,12/18/2003,20.47,"6'7""",,190,,,,,,,,109,91,118,90,94,94,90,81,70,30,30,31.2,0.8,14.4,0.4,2.8,3.2,3.1,0.9,0.2,2.3,2.3,4.6,10.7,0.433,2.9,5.8,0.5,1.7,4.9,0.354,3.4,4.1,0.821,0.651,16.6,0.5,3.2,3.7,3.6,1,0.2,2.7,2.7,5.3,6.7,5.7,4.7,https://www.sports-reference.com/cbb/players/adama-bal-1.html,50.935,1.347826087
"Wagner, DJ",PG,Kentucky,5/4/2005,19.09,"6'3""","6'5""",175,,,,,,,,110,91.29,118,118,94,94,64,81,70,29,28,25.8,0.6,9.9,0.2,1.7,1.9,3.3,0.8,0.2,1.5,1.6,3.6,8.9,0.405,2.7,5.6,0.472,1,3.3,0.292,1.7,2.2,0.766,0.536,13.8,0.3,2.4,2.7,4.6,1.1,0.3,2.1,2.2,5,7.8,4.6,3.1,https://www.sports-reference.com/cbb/players/dj-wagner-1.html,46.067,2.2
"Jelavic, Andrija",PF,Serbia,5/26/2004,20.03,"6'11""",,224,,,,,,,,111,91.43,93,118,94,94,90,81,70,26,,31.7,0.8,10.3,1.5,6.2,7.6,1.7,1.4,0.9,1.7,2,4,8.6,0.471,3,5,0.605,1,3.6,0.287,1.2,1.7,0.698,0.578,11.7,1.7,7,8.6,1.9,1.6,1,1.9,2.3,4.5,5.7,4.1,1.9,https://www.basketball-reference.com/international/players/andrija-jelavic-1.html,52.326,1
"Kamardine, Ilias",PG,France,10/1/2003,20.68,"6'5""",,180,,,,,,,,112,91.86,96,118,94,94,90,81,70,12,,5.3,0.1,0.8,0,0.2,0.2,0.3,0.3,0,0.6,0.8,0.3,1.3,0.188,0,0.1,0,0.3,1.3,0.2,0.1,0.2,0.5,0.263,5.4,0,1.4,1.4,2,2,0,4.1,5.4,2,0.7,8.8,1.4,https://www.basketball-reference.com/international/players/ilias-kamardine-1.html,34.615,0.5
"Thomas, Saint",SF,Northern Colorado,5/1/2003,21.1,"6'7""",,200,,,,,,,,113,92,118,97,94,94,90,81,70,32,32,34.8,0.9,19.7,1.8,8,9.8,4.2,1.7,0.9,3,2.6,7,14.8,0.472,5,8.7,0.572,2,6.2,0.33,3.7,4.3,0.868,0.649,20.4,1.9,8.3,10.1,4.3,1.8,0.9,3.1,2.7,7.2,9,6.4,4.4,https://www.sports-reference.com/cbb/players/saint-thomas-1.html,54.054,1.4
"Darlan, Thierry",SF,G-League Ignite,2/3/2004,20.34,"6'6""","7'1""",189,,,,,,,,114,92.14,118,118,94,94,70,81,70,45,11,19.1,0.5,5.4,0.7,3,3.7,0.8,0.6,0.3,1.5,1.6,1.6,4.4,0.372,1.1,2.3,0.471,0.6,2.1,0.263,1,1.3,0.754,0.578,10.2,1.3,5.6,6.9,1.5,1.1,0.6,2.8,3,3.1,4.2,4,2.4,https://basketball.realgm.com/player/Thierry-Darlan/Summary/185256,43.578,0.536912752
"Williams, Jaylin",PF,Auburn,7/26/2000,23.86,"6'8""",,230,,,,,,,,115,92.14,118,98,94,94,90,81,70,34,33,24.1,0.6,12.4,1.1,3.4,4.4,1.9,0.7,0.7,1.1,1.8,4.5,7.8,0.574,3.5,5.3,0.659,1,2.5,0.395,2.5,3,0.832,0.759,18.5,1.6,5.1,6.6,2.8,1,1,1.6,2.7,6.7,7.9,3.7,4.5,https://www.sports-reference.com/cbb/players/jaylin-williams-1.html,64.103,1.727272727
"LeDee, Jaedon",SF,San Diego State,7/25/1999,24.86,"6'9""",,240,,,,,,,,116,92.29,118,99,94,94,90,81,70,36,36,32.6,0.8,21.4,3.4,5,8.4,1.3,1.2,0.5,2.4,2.4,7.3,13.1,0.56,6.8,11.8,0.572,0.6,1.3,0.444,6.3,8.6,0.734,0.797,23.6,3.8,5.5,9.3,1.4,1.3,0.6,2.7,2.7,8.1,13,1.4,9.5,https://www.sports-reference.com/cbb/players/jaedon-ledee-1.html,58.015,0.541666667
"Mitchell, Tre",PF,Kentucky,9/24/2000,23.7,"6'9""",,225,,,,,,,,117,92.29,99,118,94,94,90,81,70,27,24,30.3,0.8,10.7,1.8,5.4,7.2,2.6,0.7,1,1.4,2.6,3.8,7.9,0.484,2.9,4.9,0.595,0.9,3,0.305,2.1,2.9,0.744,0.65,12.7,2.1,6.4,8.6,3.1,0.8,1.2,1.7,3.1,4.5,5.8,3.6,3.4,https://www.sports-reference.com/cbb/players/tre-mitchell-1.html,53.797,1.857142857
"Ellis, Boogie",PG,USC,12/12/2000,23.48,6' 2'',6' 7.00'',185,10,8' 2.00'',31.5,39.5,11.98,3.33,3.19,118,92.43,100,118,94,94,90,81,70,29,29,33.5,0.8,16.5,0.3,3.2,3.5,3,1.4,0.1,1.8,1.9,5.6,13.1,0.427,2.6,5.9,0.439,3,7.2,0.418,2.3,3.2,0.72,0.615,17.7,0.3,3.4,3.8,3.2,1.5,0.1,1.9,2,6,6.3,7.7,3.4,https://www.sports-reference.com/cbb/players/boogie-ellis-1.html,54.198,1.666666667
